,PK_MachineTrainId,Machine_Train,Machine_Train_Long_Name,FK_DrivenUnitTypeId,FK_AreaId,FK_RouteId,MachineTrain_IsActive
0,1,0E-1113A-M02,CONDENSATE STABILIZER BOTTOM COOLER FANS,2,1,24.0,1
1,2,0E-1113B-M01,CONDENSATE STABILIZER BOTTOM COOLER FANS,2,1,24.0,1
2,3,0E-1113B-M02,CONDENSATE STABILIZER BOTTOM COOLER FANS,2,1,24.0,1
3,4,0E-1114-M01,STAB OVHD COMPRESSOR RECYCLE COOLER FAN,2,1,24.0,1
4,5,0E-1114-M02,STAB OVHD COMPRESSOR RECYCLE COOLER FAN,2,1,24.0,1
5,6,0E-1115-M01,STAB OVHD COMPRESSOR RECYCLE COOLER FAN,2,1,24.0,1
6,7,0E-1115-M02,STAB OVHD COMPRESSOR RECYCLE COOLER FAN,2,1,24.0,1
7,8,0E-1116-M01,STAB OVHD COMPRESSOR RECYCLE COOLER FAN,2,1,24.0,1
8,9,0E-1116-M02,STAB OVHD COMPRESSOR RECYCLE COOLER FAN,2,1,24.0,1
9,10,0E-1123A-M01,CONDENSATE STABILIZER BOTTOM COOLER FANS,2,1,24.0,1
10,11,0E-1123A-M02,CONDENSATE STABILIZER BOTTOM COOLER FANS,2,1,24.0,1
11,12,0E-1123B-M01,CONDENSATE STABILIZER BOTTOM COOLER FANS,2,1,24.0,1
12,13,0E-1123B-M02,CONDENSATE STABILIZER BOTTOM COOLER FANS,2,1,24.0,1
13,14,0E-1124-M01,STAB OVHD COMPRESSOR RECYCLE COOLER FAN,2,1,24.0,1
14,15,0E-1124-M02,STAB OVHD COMPRESSOR RECYCLE COOLER FAN,2,1,24.0,1
15,16,0E-1125-M01,STAB OVHD COMPRESSOR RECYCLE COOLER FAN,2,1,24.0,1
16,17,0E-1125-M02,STAB OVHD COMPRESSOR RECYCLE COOLER FAN,2,1,24.0,1
17,18,0E-1126-M01,STAB OVHD COMPRESSOR RECYCLE COOLER FAN,2,1,24.0,1
18,19,0E-1126-M02,STAB OVHD COMPRESSOR RECYCLE COOLER FAN,2,1,24.0,1
19,20,0E-1133A-M01,CONDENSATE STABILIZER BOTTOM COOLER FANS,2,1,24.0,1
20,21,0E-1133A-M02,CONDENSATE STABILIZER BOTTOM COOLER FANS,2,1,24.0,1
21,22,0E-1133B-M01,CONDENSATE STABILIZER BOTTOM COOLER FANS,2,1,24.0,1
22,23,0E-1133B-M02,CONDENSATE STABILIZER BOTTOM COOLER FANS,2,1,24.0,1
23,24,0E-1134-M01,STAB OVHD COMPRESSOR RECYCLE COOLER FAN,2,1,24.0,1
24,25,0E-1134-M02,STAB OVHD COMPRESSOR RECYCLE COOLER FAN,2,1,24.0,1
25,38,0E-1135-M01,STAB OVHD COMPRESSOR RECYCLE COOLER FAN,2,1,24.0,1
26,39,0E-1135-M02,STAB OVHD COMPRESSOR RECYCLE COOLER FAN,2,1,24.0,1
27,40,0E-1136-M01,STAB OVHD COMPRESSOR RECYCLE COOLER FAN,2,1,24.0,1
28,41,0E-1136-M02,STAB OVHD COMPRESSOR RECYCLE COOLER FAN,2,1,24.0,1
29,42,0P-1111,STABILIZER BOTTOM RECYCLE PUMP,1,1,7.0,1
30,43,0P-1121,STABILIZER BOTTOMS RECYCLE PUMP,1,1,7.0,1
31,44,0P-1131,STABILIZER BOTTOMS RECYCLE PUMP,1,1,7.0,1
32,45,0E-1113A-M01,CONDENSATE STABILIZER BOTTOM COOLER FANS,2,1,24.0,1
33,46,0P-1205,AMINE CHARGE PUMP,1,2,5.0,1
34,47,1A-1205A,LEAN SOLVENT CHARGE PUMP LUBE OIL FAN,2,2,3.0,1
35,48,1A-1205B,LEAN SOLVENT CHARGE PUMP LUBE OIL FAN,2,2,3.0,1
36,49,1A-1205C,LEAN SOLVENT CHARGE PUMP LUBE OIL FAN,2,2,3.0,1
37,50,1E-1201A-M01,LEAN SOLVENT COOLER,2,2,22.0,1
38,51,1E-1201A-M02,LEAN SOLVENT COOLER,2,2,22.0,1
39,52,1E-1201B-M01,LEAN SOLVENT COOLER,2,2,22.0,1
40,53,1E-1201B-M02,LEAN SOLVENT COOLER,2,2,22.0,1
41,54,1E-1201C-M01,LEAN SOLVENT COOLER,2,2,22.0,1
42,55,1E-1201C-M02,LEAN SOLVENT COOLER,2,2,22.0,1
43,56,1E-1201D-M01,LEAN SOLVENT COOLER,2,2,22.0,1
44,57,1E-1201D-M02,LEAN SOLVENT COOLER,2,2,22.0,1
45,58,1E-1201E-M01,LEAN SOLVENT COOLER,2,2,22.0,1
46,59,1E-1201E-M02,LEAN SOLVENT COOLER,2,2,22.0,1
47,60,1E-1202A-M01,REGENERATOR OVERHEAD CONDENSER,2,2,22.0,1
48,61,1E-1202A-M02,REGENERATOR OVERHEAD CONDENSER,2,2,22.0,1
49,62,1E-1202B-M01,REGENERATOR OVERHEAD CONDENSER,2,2,22.0,1
50,63,1E-1202B-M02,REGENERATOR OVERHEAD CONDENSER,2,2,22.0,1
51,64,1P-1201A,LEAN SOLVENT BOOSTER PUMP,1,2,1.0,1
52,65,1P-1201B,LEAN SOLVENT BOOSTER PUMP,1,2,1.0,1
53,66,1P-1202A,LEAN SOLVENT CHARGE PUMP,1,2,1.0,1
54,67,1P-1202B,LEAN SOLVENT CHARGE PUMP,1,2,1.0,1
55,68,1P-1202C,LEAN SOLVENT CHARGE PUMP,1,2,1.0,1
56,69,1P-1203A,REGENERATOR REFLUX PUMP,1,2,1.0,1
57,70,1P-1203B,REGENERATOR REFLUX PUMP,1,2,1.0,1
58,71,1P-1204A,WASH WATER PUMP,1,2,1.0,1
59,72,1P-1204B,WASH WATER PUMP,1,2,1.0,1
60,73,1P-1207A,WASH WATER RECIRCULATING PUMP,1,2,1.0,1
61,74,1P-1207B,WASH WATER RECIRCULATING PUMP,1,2,1.0,1
62,75,2E-1201A-M01,LEAN SOLVENT COOLER,2,2,23.0,1
63,76,2E-1201A-M02,LEAN SOLVENT COOLER,2,2,23.0,1
64,77,2E-1201B-M01,LEAN SOLVENT COOLER,2,2,23.0,1
65,78,2E-1201B-M02,LEAN SOLVENT COOLER,2,2,23.0,1
66,79,2E-1201C-M01,LEAN SOLVENT COOLER,2,2,23.0,1
67,80,2E-1201C-M02,LEAN SOLVENT COOLER,2,2,23.0,1
68,81,2E-1201D-M01,LEAN SOLVENT COOLER,2,2,23.0,1
69,82,2E-1201D-M02,LEAN SOLVENT COOLER,2,2,23.0,1
70,83,2E-1201E-M01,LEAN SOLVENT COOLER,2,2,23.0,1
71,84,2E-1201E-M02,LEAN SOLVENT COOLER,2,2,23.0,1
72,85,2E-1202A-M01,REGENERATOR OVERHEAD CONDENSER,2,2,23.0,1
73,86,2E-1202A-M02,REGENERATOR OVERHEAD CONDENSER,2,2,23.0,1
74,87,2E-1202B-M01,REGENERATOR OVERHEAD CONDENSER,2,2,23.0,1
75,88,2E-1202B-M02,REGENERATOR OVERHEAD CONDENSER,2,2,23.0,1
76,89,2P-1201A,LEAN SOLVENT BOOSTER PUMP,1,2,2.0,1
77,90,2P-1201B,LEAN SOLVENT BOOSTER PUMP,1,2,2.0,1
78,91,2P-1202A,LEAN SOLVENT CHARGE PUMP,1,2,2.0,1
79,92,2P-1202B,LEAN SOLVENT CHARGE PUMP,1,2,2.0,1
80,93,2P-1202C,LEAN SOLVENT CHARGE PUMP,1,2,2.0,1
81,94,2P-1203A,REGENERATOR REFLUX PUMP,1,2,2.0,1
82,95,2P-1203B,REGENERATOR REFLUX PUMP,1,2,2.0,1
83,96,2P-1204A,WASH WATER PUMP,1,2,2.0,1
84,97,2P-1204B,WASH WATER PUMP,1,2,2.0,1
85,98,2P-1207A,WASH WATER RECIRCULATING PUMP,1,2,2.0,1
86,99,2P-1207B,WASH WATER RECIRCULATING PUMP,1,2,2.0,1
87,100,2A-1205A,LEAN SOLVENT CHARGE PUMP LUBE OIL FAN,2,2,4.0,1
88,101,2A-1205B,LEAN SOLVENT CHARGE PUMP LUBE OIL FAN,2,2,4.0,1
89,102,2A-1205C,LEAN SOLVENT CHARGE PUMP LUBE OIL FAN,2,2,4.0,1
90,103,1E-1301-M01,REGENERATION GAS COOLER,2,4,22.0,1
91,104,1E-1301-M02,REGENERATION GAS COOLER,2,4,22.0,1
92,105,2E-1301-M01,REGENERATION GAS COOLER,2,4,23.0,1
93,106,2E-1301-M02,REGENERATION GAS COOLER,2,4,23.0,1
94,107,2A-1411A,AXIAL FAN - SYNTHETIC OIL COOLER FAN,2,3,4.0,1
95,108,2A-1411B,AXIAL FAN - SYNTHETIC OIL COOLER FAN,2,3,4.0,1
96,109,2A-1411C,AXIAL FAN - SYNTHETIC OIL COOLER FAN,2,3,4.0,1
97,110,1A-1411A,AXIAL FAN - SYNTHETIC OIL COOLER FAN,2,3,3.0,1
98,111,1A-1411B,AXIAL FAN - SYNTHETIC OIL COOLER FAN,2,3,3.0,1
99,112,1A-1411C,AXIAL FAN - SYNTHETIC OIL COOLER FAN,2,3,3.0,1
100,113,1A-1412A,AXIAL FAN - SYNTHETIC OIL COOLER FAN,2,3,3.0,1
101,114,1A-1412B,AXIAL FAN - SYNTHETIC OIL COOLER FAN,2,3,3.0,1
102,115,1A-1412C,AXIAL FAN - SYNTHETIC OIL COOLER FAN,2,3,3.0,1
103,116,1A-1461A,CENTRIFUGAL FAN - VENTILATION FAN,2,3,3.0,1
104,117,1A-1461B,CENTRIFUGAL FAN - VENTILATION FAN,2,3,3.0,1
105,118,1A-1462A,CENTRIFUGAL FAN - VENTILATION FAN,2,3,3.0,1
106,119,1A-1462B,CENTRIFUGAL FAN - VENTILATION FAN,2,3,3.0,1
107,120,1E-1415-M01,PROPANE COMPRESSOR MINERAL LUBE OIL COOLER,2,3,15.0,1
108,121,1E-1415-M02,PROPANE COMPRESSOR MINERAL LUBE OIL COOLER,2,3,15.0,1
109,122,1E-1415-M03,PROPANE COMPRESSOR MINERAL LUBE OIL COOLER,2,3,15.0,1
110,123,1E-1425-M01,PROPANE COMPRESSOR MINERAL LUBE OIL COOLER,2,3,15.0,1
111,124,1E-1425-M02,PROPANE COMPRESSOR MINERAL LUBE OIL COOLER,2,3,15.0,1
112,125,1E-1425-M03,PROPANE COMPRESSOR MINERAL LUBE OIL COOLER,2,3,15.0,1
113,126,1E-1401AA-M01,PROPANE REFRIGERANT CONDENSER,2,3,19.0,1
114,127,1E-1401AA-M02,PROPANE REFRIGERANT CONDENSER,2,3,19.0,1
115,128,1E-1401AA-M03,PROPANE REFRIGERANT CONDENSER,2,3,19.0,1
116,129,1E-1401AB-M01,PROPANE REFRIGERANT CONDENSER,2,3,19.0,1
117,130,1E-1401AB-M02,PROPANE REFRIGERANT CONDENSER,2,3,19.0,1
118,131,1E-1401AB-M03,PROPANE REFRIGERANT CONDENSER,2,3,19.0,1
119,132,1E-1401AC-M01,PROPANE REFRIGERANT CONDENSER,2,3,19.0,1
120,133,1E-1401AC-M02,PROPANE REFRIGERANT CONDENSER,2,3,19.0,1
121,134,1E-1401AC-M03,PROPANE REFRIGERANT CONDENSER,2,3,19.0,1
122,135,1E-1401AD-M01,PROPANE REFRIGERANT CONDENSER,2,3,19.0,1
123,136,1E-1401AD-M02,PROPANE REFRIGERANT CONDENSER,2,3,19.0,1
124,137,1E-1401AD-M03,PROPANE REFRIGERANT CONDENSER,2,3,19.0,1
125,138,1E-1401AE-M01,PROPANE REFRIGERANT CONDENSER,2,3,19.0,1
126,139,1E-1401AE-M02,PROPANE REFRIGERANT CONDENSER,2,3,19.0,1
127,140,1E-1401AE-M03,PROPANE REFRIGERANT CONDENSER,2,3,19.0,1
128,141,1E-1401AF-M01,PROPANE REFRIGERANT CONDENSER,2,3,19.0,1
129,142,1E-1401AF-M02,PROPANE REFRIGERANT CONDENSER,2,3,19.0,1
130,143,1E-1401AF-M03,PROPANE REFRIGERANT CONDENSER,2,3,19.0,1
131,144,1E-1401AG-M01,PROPANE REFRIGERANT CONDENSER,2,3,19.0,1
132,145,1E-1401AG-M02,PROPANE REFRIGERANT CONDENSER,2,3,19.0,1
133,146,1E-1401AG-M03,PROPANE REFRIGERANT CONDENSER,2,3,19.0,1
134,147,1E-1401AH-M01,PROPANE REFRIGERANT CONDENSER,2,3,19.0,1
135,148,1E-1401AH-M02,PROPANE REFRIGERANT CONDENSER,2,3,19.0,1
136,149,1E-1401AH-M03,PROPANE REFRIGERANT CONDENSER,2,3,19.0,1
137,150,1E-1401AI-M01,PROPANE REFRIGERANT CONDENSER,2,3,19.0,1
138,151,1E-1401AI-M02,PROPANE REFRIGERANT CONDENSER,2,3,19.0,1
139,152,1E-1401AI-M03,PROPANE REFRIGERANT CONDENSER,2,3,19.0,1
140,153,1E-1401AJ-M01,PROPANE REFRIGERANT CONDENSER,2,3,19.0,1
141,154,1E-1401AJ-M02,PROPANE REFRIGERANT CONDENSER,2,3,19.0,1
142,155,1E-1401AJ-M03,PROPANE REFRIGERANT CONDENSER,2,3,19.0,1
143,156,1E-1401AK-M01,PROPANE REFRIGERANT CONDENSER,2,3,19.0,1
144,157,1E-1401AK-M02,PROPANE REFRIGERANT CONDENSER,2,3,19.0,1
145,158,1E-1401AK-M03,PROPANE REFRIGERANT CONDENSER,2,3,19.0,1
146,159,1E-1401AL-M01,PROPANE REFRIGERANT CONDENSER,2,3,19.0,1
147,160,1E-1401AL-M02,PROPANE REFRIGERANT CONDENSER,2,3,19.0,1
148,161,1E-1401AL-M03,PROPANE REFRIGERANT CONDENSER,2,3,19.0,1
149,162,1E-1401AM-M01,PROPANE REFRIGERANT CONDENSER,2,3,19.0,1
150,163,1E-1401AM-M02,PROPANE REFRIGERANT CONDENSER,2,3,19.0,1
151,164,1E-1401AM-M03,PROPANE REFRIGERANT CONDENSER,2,3,19.0,1
152,165,1E-1401AN-M01,PROPANE REFRIGERANT CONDENSER,2,3,19.0,1
153,166,1E-1401AN-M02,PROPANE REFRIGERANT CONDENSER,2,3,19.0,1
154,167,1E-1401AN-M03,PROPANE REFRIGERANT CONDENSER,2,3,19.0,1
155,168,1E-1401AO-M01,PROPANE REFRIGERANT CONDENSER,2,3,19.0,1
156,169,1E-1401AO-M02,PROPANE REFRIGERANT CONDENSER,2,3,19.0,1
157,170,1E-1401AO-M03,PROPANE REFRIGERANT CONDENSER,2,3,19.0,1
158,171,1E-1401AP-M01,PROPANE REFRIGERANT CONDENSER,2,3,19.0,1
159,172,1E-1401AP-M02,PROPANE REFRIGERANT CONDENSER,2,3,19.0,1
160,173,1E-1401AP-M03,PROPANE REFRIGERANT CONDENSER,2,3,19.0,1
161,174,1E-1401AQ-M01,PROPANE REFRIGERANT CONDENSER,2,3,19.0,1
162,175,1E-1401AQ-M02,PROPANE REFRIGERANT CONDENSER,2,3,19.0,1
163,176,1E-1401AQ-M03,PROPANE REFRIGERANT CONDENSER,2,3,19.0,1
164,177,1E-1401AR-M01,PROPANE REFRIGERANT CONDENSER,2,3,19.0,1
165,178,1E-1401AR-M02,PROPANE REFRIGERANT CONDENSER,2,3,19.0,1
166,179,1E-1401AR-M03,PROPANE REFRIGERANT CONDENSER,2,3,19.0,1
167,180,1E-1401AS-M01,PROPANE REFRIGERANT CONDENSER,2,3,19.0,1
168,181,1E-1401AS-M02,PROPANE REFRIGERANT CONDENSER,2,3,19.0,1
169,182,1E-1401AS-M03,PROPANE REFRIGERANT CONDENSER,2,3,19.0,1
170,183,1E-1401AT-M01,PROPANE REFRIGERANT CONDENSER,2,3,19.0,1
171,184,1E-1401AT-M02,PROPANE REFRIGERANT CONDENSER,2,3,19.0,1
172,185,1E-1401AT-M03,PROPANE REFRIGERANT CONDENSER,2,3,19.0,1
173,186,1E-1401AU-M01,PROPANE REFRIGERANT CONDENSER,2,3,19.0,1
174,187,1E-1401AU-M02,PROPANE REFRIGERANT CONDENSER,2,3,19.0,1
175,188,1E-1401AU-M03,PROPANE REFRIGERANT CONDENSER,2,3,19.0,1
176,189,1E-1401AV-M01,PROPANE REFRIGERANT CONDENSER,2,3,19.0,1
177,190,1E-1401AV-M02,PROPANE REFRIGERANT CONDENSER,2,3,19.0,1
178,191,1E-1401AV-M03,PROPANE REFRIGERANT CONDENSER,2,3,19.0,1
179,192,1E-1401AW-M01,PROPANE REFRIGERANT CONDENSER,2,3,19.0,1
180,193,1E-1401AW-M02,PROPANE REFRIGERANT CONDENSER,2,3,19.0,1
181,194,1E-1401AW-M03,PROPANE REFRIGERANT CONDENSER,2,3,19.0,1
182,195,1E-1401AX-M01,PROPANE REFRIGERANT CONDENSER,2,3,19.0,1
183,196,1E-1401AX-M02,PROPANE REFRIGERANT CONDENSER,2,3,19.0,1
184,197,1E-1401AX-M03,PROPANE REFRIGERANT CONDENSER,2,3,19.0,1
185,198,1E-1401AY-M01,PROPANE REFRIGERANT CONDENSER,2,3,19.0,1
186,199,1E-1401AY-M02,PROPANE REFRIGERANT CONDENSER,2,3,19.0,1
187,200,1E-1401AY-M03,PROPANE REFRIGERANT CONDENSER,2,3,19.0,1
188,201,1E-1401AZ-M01,PROPANE REFRIGERANT CONDENSER,2,3,19.0,1
189,202,1E-1401AZ-M02,PROPANE REFRIGERANT CONDENSER,2,3,19.0,1
190,203,1E-1401AZ-M03,PROPANE REFRIGERANT CONDENSER,2,3,19.0,1
191,204,1E-1401BA-M01,PROPANE REFRIGERANT CONDENSER,2,3,20.0,1
192,205,1E-1401BA-M02,PROPANE REFRIGERANT CONDENSER,2,3,20.0,1
193,206,1E-1401BA-M03,PROPANE REFRIGERANT CONDENSER,2,3,20.0,1
194,207,1E-1401BB-M01,PROPANE REFRIGERANT CONDENSER,2,3,20.0,1
195,208,1E-1401BB-M02,PROPANE REFRIGERANT CONDENSER,2,3,20.0,1
196,209,1E-1401BB-M03,PROPANE REFRIGERANT CONDENSER,2,3,20.0,1
197,210,1E-1401BC-M01,PROPANE REFRIGERANT CONDENSER,2,3,20.0,1
198,211,1E-1401BC-M02,PROPANE REFRIGERANT CONDENSER,2,3,20.0,1
199,212,1E-1401BC-M03,PROPANE REFRIGERANT CONDENSER,2,3,20.0,1
200,213,1E-1401BD-M01,PROPANE REFRIGERANT CONDENSER,2,3,20.0,1
201,214,1E-1401BD-M02,PROPANE REFRIGERANT CONDENSER,2,3,20.0,1
202,215,1E-1401BD-M03,PROPANE REFRIGERANT CONDENSER,2,3,20.0,1
203,216,1E-1401BE-M01,PROPANE REFRIGERANT CONDENSER,2,3,20.0,1
204,217,1E-1401BE-M02,PROPANE REFRIGERANT CONDENSER,2,3,20.0,1
205,218,1E-1401BE-M03,PROPANE REFRIGERANT CONDENSER,2,3,20.0,1
206,219,1E-1401BF-M01,PROPANE REFRIGERANT CONDENSER,2,3,20.0,1
207,220,1E-1401BF-M02,PROPANE REFRIGERANT CONDENSER,2,3,20.0,1
208,221,1E-1401BF-M03,PROPANE REFRIGERANT CONDENSER,2,3,20.0,1
209,222,1E-1401BG-M01,PROPANE REFRIGERANT CONDENSER,2,3,20.0,1
210,223,1E-1401BG-M02,PROPANE REFRIGERANT CONDENSER,2,3,20.0,1
211,224,1E-1401BG-M03,PROPANE REFRIGERANT CONDENSER,2,3,20.0,1
212,225,1E-1401BH-M01,PROPANE REFRIGERANT CONDENSER,2,3,20.0,1
213,226,1E-1401BH-M02,PROPANE REFRIGERANT CONDENSER,2,3,20.0,1
214,227,1E-1401BH-M03,PROPANE REFRIGERANT CONDENSER,2,3,20.0,1
215,228,1E-1401BI-M01,PROPANE REFRIGERANT CONDENSER,2,3,20.0,1
216,229,1E-1401BI-M02,PROPANE REFRIGERANT CONDENSER,2,3,20.0,1
217,230,1E-1401BI-M03,PROPANE REFRIGERANT CONDENSER,2,3,20.0,1
218,231,1E-1401BJ-M01,PROPANE REFRIGERANT CONDENSER,2,3,20.0,1
219,232,1E-1401BJ-M02,PROPANE REFRIGERANT CONDENSER,2,3,20.0,1
220,233,1E-1401BJ-M03,PROPANE REFRIGERANT CONDENSER,2,3,20.0,1
221,234,1E-1401BK-M01,PROPANE REFRIGERANT CONDENSER,2,3,20.0,1
222,235,1E-1401BK-M02,PROPANE REFRIGERANT CONDENSER,2,3,20.0,1
223,236,1E-1401BK-M03,PROPANE REFRIGERANT CONDENSER,2,3,20.0,1
224,237,1E-1401BL-M01,PROPANE REFRIGERANT CONDENSER,2,3,20.0,1
225,238,1E-1401BL-M02,PROPANE REFRIGERANT CONDENSER,2,3,20.0,1
226,239,1E-1401BL-M03,PROPANE REFRIGERANT CONDENSER,2,3,20.0,1
227,240,1E-1401BM-M01,PROPANE REFRIGERANT CONDENSER,2,3,20.0,1
228,241,1E-1401BM-M02,PROPANE REFRIGERANT CONDENSER,2,3,20.0,1
229,242,1E-1401BM-M03,PROPANE REFRIGERANT CONDENSER,2,3,20.0,1
230,243,1E-1401BN-M01,PROPANE REFRIGERANT CONDENSER,2,3,20.0,1
231,244,1E-1401BN-M02,PROPANE REFRIGERANT CONDENSER,2,3,20.0,1
232,245,1E-1401BN-M03,PROPANE REFRIGERANT CONDENSER,2,3,20.0,1
233,246,1E-1401BO-M01,PROPANE REFRIGERANT CONDENSER,2,3,20.0,1
234,247,1E-1401BO-M02,PROPANE REFRIGERANT CONDENSER,2,3,20.0,1
235,248,1E-1401BO-M03,PROPANE REFRIGERANT CONDENSER,2,3,20.0,1
236,249,1E-1401BP-M01,PROPANE REFRIGERANT CONDENSER,2,3,20.0,1
237,250,1E-1401BP-M02,PROPANE REFRIGERANT CONDENSER,2,3,20.0,1
238,251,1E-1401BP-M03,PROPANE REFRIGERANT CONDENSER,2,3,20.0,1
239,252,1E-1401BQ-M01,PROPANE REFRIGERANT CONDENSER,2,3,20.0,1
240,253,1E-1401BQ-M02,PROPANE REFRIGERANT CONDENSER,2,3,20.0,1
241,254,1E-1401BQ-M03,PROPANE REFRIGERANT CONDENSER,2,3,20.0,1
242,255,1E-1401BR-M01,PROPANE REFRIGERANT CONDENSER,2,3,20.0,1
243,256,1E-1401BR-M02,PROPANE REFRIGERANT CONDENSER,2,3,20.0,1
244,257,1E-1401BR-M03,PROPANE REFRIGERANT CONDENSER,2,3,20.0,1
245,258,1E-1401BS-M01,PROPANE REFRIGERANT CONDENSER,2,3,20.0,1
246,259,1E-1401BS-M02,PROPANE REFRIGERANT CONDENSER,2,3,20.0,1
247,260,1E-1401BS-M03,PROPANE REFRIGERANT CONDENSER,2,3,20.0,1
248,261,1E-1401BT-M01,PROPANE REFRIGERANT CONDENSER,2,3,20.0,1
249,262,1E-1401BT-M02,PROPANE REFRIGERANT CONDENSER,2,3,20.0,1
250,263,1E-1401BT-M03,PROPANE REFRIGERANT CONDENSER,2,3,20.0,1
251,264,1E-1401BU-M01,PROPANE REFRIGERANT CONDENSER,2,3,20.0,1
252,265,1E-1401BU-M02,PROPANE REFRIGERANT CONDENSER,2,3,20.0,1
253,266,1E-1401BU-M03,PROPANE REFRIGERANT CONDENSER,2,3,20.0,1
254,267,1E-1401BV-M01,PROPANE REFRIGERANT CONDENSER,2,3,20.0,1
255,268,1E-1401BV-M02,PROPANE REFRIGERANT CONDENSER,2,3,20.0,1
256,269,1E-1401BV-M03,PROPANE REFRIGERANT CONDENSER,2,3,20.0,1
257,270,1E-1401BW-M01,PROPANE REFRIGERANT CONDENSER,2,3,20.0,1
258,271,1E-1401BW-M02,PROPANE REFRIGERANT CONDENSER,2,3,20.0,1
259,272,1E-1401BW-M03,PROPANE REFRIGERANT CONDENSER,2,3,20.0,1
260,273,1E-1401BX-M01,PROPANE REFRIGERANT CONDENSER,2,3,20.0,1
261,274,1E-1401BX-M02,PROPANE REFRIGERANT CONDENSER,2,3,20.0,1
262,275,1E-1401BX-M03,PROPANE REFRIGERANT CONDENSER,2,3,20.0,1
263,276,1E-1401BY-M01,PROPANE REFRIGERANT CONDENSER,2,3,20.0,1
264,277,1E-1401BY-M02,PROPANE REFRIGERANT CONDENSER,2,3,20.0,1
265,278,1E-1401BY-M03,PROPANE REFRIGERANT CONDENSER,2,3,20.0,1
266,279,1E-1401BZ-M01,PROPANE REFRIGERANT CONDENSER,2,3,20.0,1
267,280,1E-1401BZ-M02,PROPANE REFRIGERANT CONDENSER,2,3,20.0,1
268,281,1E-1401BZ-M03,PROPANE REFRIGERANT CONDENSER,2,3,20.0,1
269,282,1P-1441A,CENTRIFUGAL PUMP - LUBE OIL PUMP,2,3,3.0,1
270,283,1P-1441B,CENTRIFUGAL PUMP - LUBE OIL PUMP,2,3,3.0,1
271,284,1P-1442A,CENTRIFUGAL PUMP - LUBE OIL PUMP,2,3,3.0,1
272,285,1P-1442B,CENTRIFUGAL PUMP - LUBE OIL PUMP,2,3,3.0,1
273,286,1P-1451,CENTRIFUGAL PUMP - LUBE OIL PUMP,2,3,3.0,1
274,287,1P-1452,CENTRIFUGAL PUMP - LUBE OIL PUMP,2,3,3.0,1
275,288,2A-1412A,AXIAL FAN - SYNTHETIC OIL COOLER FAN,2,3,4.0,1
276,289,2A-1412B,AXIAL FAN - SYNTHETIC OIL COOLER FAN,2,3,4.0,1
277,290,2A-1412C,AXIAL FAN - SYNTHETIC OIL COOLER FAN,2,3,4.0,1
278,291,"2E-1(4,5,6)15-M01",METHANE COMPRESSOR MINERAL LUBE OIL COOLER,2,3,,1
279,292,"2E-1(4,5,6)15-M02",METHANE COMPRESSOR MINERAL LUBE OIL COOLER,2,3,,1
280,293,"2E-1(4,5,6)15-M03",METHANE COMPRESSOR MINERAL LUBE OIL COOLER,2,3,,1
281,294,"2E-1(4,5,6)25-M01",PROPANE COMPRESSOR MINERAL LUBE OIL COOLER,2,3,,1
282,295,"2E-1(4,5,6)25-M02",PROPANE COMPRESSOR MINERAL LUBE OIL COOLER,2,3,,1
283,296,"2E-1(4,5,6)25-M03",PROPANE COMPRESSOR MINERAL LUBE OIL COOLER,2,3,,1
284,297,2E-1401AA-M01,PROPANE REFRIGERANT CONDENSER,2,3,17.0,1
285,298,2E-1401AA-M02,PROPANE REFRIGERANT CONDENSER,2,3,17.0,1
286,299,2E-1401AA-M03,PROPANE REFRIGERANT CONDENSER,2,3,17.0,1
287,300,2E-1401AB-M01,PROPANE REFRIGERANT CONDENSER,2,3,17.0,1
288,301,2E-1401AB-M02,PROPANE REFRIGERANT CONDENSER,2,3,17.0,1
289,302,2E-1401AB-M03,PROPANE REFRIGERANT CONDENSER,2,3,17.0,1
290,303,2E-1401AC-M01,PROPANE REFRIGERANT CONDENSER,2,3,17.0,1
291,304,2E-1401AC-M02,PROPANE REFRIGERANT CONDENSER,2,3,17.0,1
292,305,2E-1401AC-M03,PROPANE REFRIGERANT CONDENSER,2,3,17.0,1
293,306,2E-1401AD-M01,PROPANE REFRIGERANT CONDENSER,2,3,17.0,1
294,307,2E-1401AD-M02,PROPANE REFRIGERANT CONDENSER,2,3,17.0,1
295,308,2E-1401AD-M03,PROPANE REFRIGERANT CONDENSER,2,3,17.0,1
296,309,2E-1401AE-M01,PROPANE REFRIGERANT CONDENSER,2,3,17.0,1
297,310,2E-1401AE-M02,PROPANE REFRIGERANT CONDENSER,2,3,17.0,1
298,311,2E-1401AE-M03,PROPANE REFRIGERANT CONDENSER,2,3,17.0,1
299,312,2E-1401AF-M01,PROPANE REFRIGERANT CONDENSER,2,3,17.0,1
300,313,2E-1401AF-M02,PROPANE REFRIGERANT CONDENSER,2,3,17.0,1
301,314,2E-1401AF-M03,PROPANE REFRIGERANT CONDENSER,2,3,17.0,1
302,315,2E-1401AG-M01,PROPANE REFRIGERANT CONDENSER,2,3,17.0,1
303,316,2E-1401AG-M02,PROPANE REFRIGERANT CONDENSER,2,3,17.0,1
304,317,2E-1401AG-M03,PROPANE REFRIGERANT CONDENSER,2,3,17.0,1
305,318,2E-1401AH-M01,PROPANE REFRIGERANT CONDENSER,2,3,17.0,1
306,319,2E-1401AH-M02,PROPANE REFRIGERANT CONDENSER,2,3,17.0,1
307,320,2E-1401AH-M03,PROPANE REFRIGERANT CONDENSER,2,3,17.0,1
308,321,2E-1401AI-M01,PROPANE REFRIGERANT CONDENSER,2,3,17.0,1
309,322,2E-1401AI-M02,PROPANE REFRIGERANT CONDENSER,2,3,17.0,1
310,323,2E-1401AI-M03,PROPANE REFRIGERANT CONDENSER,2,3,17.0,1
311,324,2E-1401AJ-M01,PROPANE REFRIGERANT CONDENSER,2,3,17.0,1
312,325,2E-1401AJ-M02,PROPANE REFRIGERANT CONDENSER,2,3,17.0,1
313,326,2E-1401AJ-M03,PROPANE REFRIGERANT CONDENSER,2,3,17.0,1
314,327,2E-1401AK-M01,PROPANE REFRIGERANT CONDENSER,2,3,17.0,1
315,328,2E-1401AK-M02,PROPANE REFRIGERANT CONDENSER,2,3,17.0,1
316,329,2E-1401AK-M03,PROPANE REFRIGERANT CONDENSER,2,3,17.0,1
317,330,2E-1401AL-M01,PROPANE REFRIGERANT CONDENSER,2,3,17.0,1
318,331,2E-1401AL-M02,PROPANE REFRIGERANT CONDENSER,2,3,17.0,1
319,332,2E-1401AL-M03,PROPANE REFRIGERANT CONDENSER,2,3,17.0,1
320,333,2E-1401AM-M01,PROPANE REFRIGERANT CONDENSER,2,3,17.0,1
321,334,2E-1401AM-M02,PROPANE REFRIGERANT CONDENSER,2,3,17.0,1
322,335,2E-1401AM-M03,PROPANE REFRIGERANT CONDENSER,2,3,17.0,1
323,336,2E-1401AN-M01,PROPANE REFRIGERANT CONDENSER,2,3,17.0,1
324,337,2E-1401AN-M02,PROPANE REFRIGERANT CONDENSER,2,3,17.0,1
325,338,2E-1401AN-M03,PROPANE REFRIGERANT CONDENSER,2,3,17.0,1
326,339,2E-1401AO-M01,PROPANE REFRIGERANT CONDENSER,2,3,17.0,1
327,340,2E-1401AO-M02,PROPANE REFRIGERANT CONDENSER,2,3,17.0,1
328,341,2E-1401AO-M03,PROPANE REFRIGERANT CONDENSER,2,3,17.0,1
329,342,2E-1401AP-M01,PROPANE REFRIGERANT CONDENSER,2,3,17.0,1
330,343,2E-1401AP-M02,PROPANE REFRIGERANT CONDENSER,2,3,17.0,1
331,344,2E-1401AP-M03,PROPANE REFRIGERANT CONDENSER,2,3,17.0,1
332,345,2E-1401AQ-M01,PROPANE REFRIGERANT CONDENSER,2,3,17.0,1
333,346,2E-1401AQ-M02,PROPANE REFRIGERANT CONDENSER,2,3,17.0,1
334,347,2E-1401AQ-M03,PROPANE REFRIGERANT CONDENSER,2,3,17.0,1
335,348,2E-1401AR-M01,PROPANE REFRIGERANT CONDENSER,2,3,17.0,1
336,349,2E-1401AR-M02,PROPANE REFRIGERANT CONDENSER,2,3,17.0,1
337,350,2E-1401AR-M03,PROPANE REFRIGERANT CONDENSER,2,3,17.0,1
338,351,2E-1401AS-M01,PROPANE REFRIGERANT CONDENSER,2,3,17.0,1
339,352,2E-1401AS-M02,PROPANE REFRIGERANT CONDENSER,2,3,17.0,1
340,353,2E-1401AS-M03,PROPANE REFRIGERANT CONDENSER,2,3,17.0,1
341,354,2E-1401AT-M01,PROPANE REFRIGERANT CONDENSER,2,3,17.0,1
342,355,2E-1401AT-M02,PROPANE REFRIGERANT CONDENSER,2,3,17.0,1
343,356,2E-1401AT-M03,PROPANE REFRIGERANT CONDENSER,2,3,17.0,1
344,357,2E-1401AU-M01,PROPANE REFRIGERANT CONDENSER,2,3,17.0,1
345,358,2E-1401AU-M02,PROPANE REFRIGERANT CONDENSER,2,3,17.0,1
346,359,2E-1401AU-M03,PROPANE REFRIGERANT CONDENSER,2,3,17.0,1
347,360,2E-1401AV-M01,PROPANE REFRIGERANT CONDENSER,2,3,17.0,1
348,361,2E-1401AV-M02,PROPANE REFRIGERANT CONDENSER,2,3,17.0,1
349,362,2E-1401AV-M03,PROPANE REFRIGERANT CONDENSER,2,3,17.0,1
350,363,2E-1401AW-M01,PROPANE REFRIGERANT CONDENSER,2,3,17.0,1
351,364,2E-1401AW-M02,PROPANE REFRIGERANT CONDENSER,2,3,17.0,1
352,365,2E-1401AW-M03,PROPANE REFRIGERANT CONDENSER,2,3,17.0,1
353,366,2E-1401AX-M01,PROPANE REFRIGERANT CONDENSER,2,3,17.0,1
354,367,2E-1401AX-M02,PROPANE REFRIGERANT CONDENSER,2,3,17.0,1
355,368,2E-1401AX-M03,PROPANE REFRIGERANT CONDENSER,2,3,17.0,1
356,369,2E-1401AY-M01,PROPANE REFRIGERANT CONDENSER,2,3,17.0,1
357,370,2E-1401AY-M02,PROPANE REFRIGERANT CONDENSER,2,3,17.0,1
358,371,2E-1401AY-M03,PROPANE REFRIGERANT CONDENSER,2,3,17.0,1
359,372,2E-1401AZ-M01,PROPANE REFRIGERANT CONDENSER,2,3,17.0,1
360,373,2E-1401AZ-M02,PROPANE REFRIGERANT CONDENSER,2,3,17.0,1
361,374,2E-1401AZ-M03,PROPANE REFRIGERANT CONDENSER,2,3,17.0,1
362,375,2E-1401BA-M01,PROPANE REFRIGERANT CONDENSER,2,3,18.0,1
363,376,2E-1401BA-M02,PROPANE REFRIGERANT CONDENSER,2,3,18.0,1
364,377,2E-1401BA-M03,PROPANE REFRIGERANT CONDENSER,2,3,18.0,1
365,378,2E-1401BB-M01,PROPANE REFRIGERANT CONDENSER,2,3,18.0,1
366,379,2E-1401BB-M02,PROPANE REFRIGERANT CONDENSER,2,3,18.0,1
367,380,2E-1401BB-M03,PROPANE REFRIGERANT CONDENSER,2,3,18.0,1
368,381,2E-1401BC-M01,PROPANE REFRIGERANT CONDENSER,2,3,18.0,1
369,382,2E-1401BC-M02,PROPANE REFRIGERANT CONDENSER,2,3,18.0,1
370,383,2E-1401BC-M03,PROPANE REFRIGERANT CONDENSER,2,3,18.0,1
371,384,2E-1401BD-M01,PROPANE REFRIGERANT CONDENSER,2,3,18.0,1
372,385,2E-1401BD-M02,PROPANE REFRIGERANT CONDENSER,2,3,18.0,1
373,386,2E-1401BD-M03,PROPANE REFRIGERANT CONDENSER,2,3,18.0,1
374,387,2E-1401BE-M01,PROPANE REFRIGERANT CONDENSER,2,3,18.0,1
375,388,2E-1401BE-M02,PROPANE REFRIGERANT CONDENSER,2,3,18.0,1
376,389,2E-1401BE-M03,PROPANE REFRIGERANT CONDENSER,2,3,18.0,1
377,390,2E-1401BF-M01,PROPANE REFRIGERANT CONDENSER,2,3,18.0,1
378,391,2E-1401BF-M02,PROPANE REFRIGERANT CONDENSER,2,3,18.0,1
379,392,2E-1401BF-M03,PROPANE REFRIGERANT CONDENSER,2,3,18.0,1
380,393,2E-1401BG-M01,PROPANE REFRIGERANT CONDENSER,2,3,18.0,1
381,394,2E-1401BG-M02,PROPANE REFRIGERANT CONDENSER,2,3,18.0,1
382,395,2E-1401BG-M03,PROPANE REFRIGERANT CONDENSER,2,3,18.0,1
383,396,2E-1401BH-M01,PROPANE REFRIGERANT CONDENSER,2,3,18.0,1
384,397,2E-1401BH-M02,PROPANE REFRIGERANT CONDENSER,2,3,18.0,1
385,398,2E-1401BH-M03,PROPANE REFRIGERANT CONDENSER,2,3,18.0,1
386,399,2E-1401BI-M01,PROPANE REFRIGERANT CONDENSER,2,3,18.0,1
387,400,2E-1401BI-M02,PROPANE REFRIGERANT CONDENSER,2,3,18.0,1
388,401,2E-1401BI-M03,PROPANE REFRIGERANT CONDENSER,2,3,18.0,1
389,402,2E-1401BJ-M01,PROPANE REFRIGERANT CONDENSER,2,3,18.0,1
390,403,2E-1401BJ-M02,PROPANE REFRIGERANT CONDENSER,2,3,18.0,1
391,404,2E-1401BJ-M03,PROPANE REFRIGERANT CONDENSER,2,3,18.0,1
392,405,2E-1401BK-M01,PROPANE REFRIGERANT CONDENSER,2,3,18.0,1
393,406,2E-1401BK-M02,PROPANE REFRIGERANT CONDENSER,2,3,18.0,1
394,407,2E-1401BK-M03,PROPANE REFRIGERANT CONDENSER,2,3,18.0,1
395,408,2E-1401BL-M01,PROPANE REFRIGERANT CONDENSER,2,3,18.0,1
396,409,2E-1401BL-M02,PROPANE REFRIGERANT CONDENSER,2,3,18.0,1
397,410,2E-1401BL-M03,PROPANE REFRIGERANT CONDENSER,2,3,18.0,1
398,411,2E-1401BM-M01,PROPANE REFRIGERANT CONDENSER,2,3,18.0,1
399,412,2E-1401BM-M02,PROPANE REFRIGERANT CONDENSER,2,3,18.0,1
400,413,2E-1401BM-M03,PROPANE REFRIGERANT CONDENSER,2,3,18.0,1
401,414,2E-1401BN-M01,PROPANE REFRIGERANT CONDENSER,2,3,18.0,1
402,415,2E-1401BN-M02,PROPANE REFRIGERANT CONDENSER,2,3,18.0,1
403,416,2E-1401BN-M03,PROPANE REFRIGERANT CONDENSER,2,3,18.0,1
404,417,2E-1401BO-M01,PROPANE REFRIGERANT CONDENSER,2,3,18.0,1
405,418,2E-1401BO-M02,PROPANE REFRIGERANT CONDENSER,2,3,18.0,1
406,419,2E-1401BO-M03,PROPANE REFRIGERANT CONDENSER,2,3,18.0,1
407,420,2E-1401BP-M01,PROPANE REFRIGERANT CONDENSER,2,3,18.0,1
408,421,2E-1401BP-M02,PROPANE REFRIGERANT CONDENSER,2,3,18.0,1
409,422,2E-1401BP-M03,PROPANE REFRIGERANT CONDENSER,2,3,18.0,1
410,423,2E-1401BQ-M01,PROPANE REFRIGERANT CONDENSER,2,3,18.0,1
411,424,2E-1401BQ-M02,PROPANE REFRIGERANT CONDENSER,2,3,18.0,1
412,425,2E-1401BQ-M03,PROPANE REFRIGERANT CONDENSER,2,3,18.0,1
413,426,2E-1401BR-M01,PROPANE REFRIGERANT CONDENSER,2,3,18.0,1
414,427,2E-1401BR-M02,PROPANE REFRIGERANT CONDENSER,2,3,18.0,1
415,428,2E-1401BR-M03,PROPANE REFRIGERANT CONDENSER,2,3,18.0,1
416,429,2E-1401BS-M01,PROPANE REFRIGERANT CONDENSER,2,3,18.0,1
417,430,2E-1401BS-M02,PROPANE REFRIGERANT CONDENSER,2,3,18.0,1
418,431,2E-1401BS-M03,PROPANE REFRIGERANT CONDENSER,2,3,18.0,1
419,432,2E-1401BT-M01,PROPANE REFRIGERANT CONDENSER,2,3,18.0,1
420,433,2E-1401BT-M02,PROPANE REFRIGERANT CONDENSER,2,3,18.0,1
421,434,2E-1401BT-M03,PROPANE REFRIGERANT CONDENSER,2,3,18.0,1
422,435,2E-1401BU-M01,PROPANE REFRIGERANT CONDENSER,2,3,18.0,1
423,436,2E-1401BU-M02,PROPANE REFRIGERANT CONDENSER,2,3,18.0,1
424,437,2E-1401BU-M03,PROPANE REFRIGERANT CONDENSER,2,3,18.0,1
425,438,2E-1401BV-M01,PROPANE REFRIGERANT CONDENSER,2,3,18.0,1
426,439,2E-1401BV-M02,PROPANE REFRIGERANT CONDENSER,2,3,18.0,1
427,440,2E-1401BV-M03,PROPANE REFRIGERANT CONDENSER,2,3,18.0,1
428,441,2E-1401BW-M01,PROPANE REFRIGERANT CONDENSER,2,3,18.0,1
429,442,2E-1401BW-M02,PROPANE REFRIGERANT CONDENSER,2,3,18.0,1
430,443,2E-1401BW-M03,PROPANE REFRIGERANT CONDENSER,2,3,18.0,1
431,444,2E-1401BX-M01,PROPANE REFRIGERANT CONDENSER,2,3,18.0,1
432,445,2E-1401BX-M02,PROPANE REFRIGERANT CONDENSER,2,3,18.0,1
433,446,2E-1401BX-M03,PROPANE REFRIGERANT CONDENSER,2,3,18.0,1
434,447,2E-1401BY-M01,PROPANE REFRIGERANT CONDENSER,2,3,18.0,1
435,448,2E-1401BY-M02,PROPANE REFRIGERANT CONDENSER,2,3,18.0,1
436,449,2E-1401BY-M03,PROPANE REFRIGERANT CONDENSER,2,3,18.0,1
437,450,2E-1401BZ-M01,PROPANE REFRIGERANT CONDENSER,2,3,18.0,1
438,451,2E-1401BZ-M02,PROPANE REFRIGERANT CONDENSER,2,3,18.0,1
439,452,2E-1401BZ-M03,PROPANE REFRIGERANT CONDENSER,2,3,18.0,1
440,453,2A-1461A,CENTRIFUGAL FAN - VENTILATION FAN,2,3,4.0,1
441,454,2A-1461B,CENTRIFUGAL FAN - VENTILATION FAN,2,3,4.0,1
442,455,2A-1462A,CENTRIFUGAL FAN - VENTILATION FAN,2,3,4.0,1
443,456,2A-1462B,CENTRIFUGAL FAN - VENTILATION FAN,2,3,4.0,1
444,457,2P-1441A,CENTRIFUGAL PUMP - LUBE OIL PUMP,2,3,4.0,1
445,458,2P-1441B,CENTRIFUGAL PUMP - LUBE OIL PUMP,2,3,4.0,1
446,459,2P-1442A,CENTRIFUGAL PUMP - LUBE OIL PUMP,2,3,4.0,1
447,460,2P-1442B,CENTRIFUGAL PUMP - LUBE OIL PUMP,2,3,4.0,1
448,461,2P-1451,CENTRIFUGAL PUMP - LUBE OIL PUMP,2,3,4.0,1
449,462,2P-1452,CENTRIFUGAL PUMP - LUBE OIL PUMP,2,3,4.0,1
450,463,1A-1431A ,MLO Mist Blower,2,3,3.0,1
451,464,1A-1431B,MLO Mist Blower,2,3,3.0,1
452,465,1A-1432A,MLO Mist Blower,2,3,3.0,1
453,466,1A-1432B,MLO Mist Blower,2,3,3.0,1
454,467,2A-1431A ,MLO Mist Blower,2,3,4.0,1
455,468,2A-1431B,MLO Mist Blower,2,3,4.0,1
456,469,2A-1432A,MLO Mist Blower,2,3,4.0,1
457,470,2A-1432B,MLO Mist Blower,2,3,4.0,1
458,471,2A-1511A,AXIAL FAN - SYNTHETIC OIL COOLER FAN,2,5,4.0,1
459,472,2A-1511B,AXIAL FAN - SYNTHETIC OIL COOLER FAN,2,5,4.0,1
460,473,2A-1511C,AXIAL FAN - SYNTHETIC OIL COOLER FAN,2,5,4.0,1
461,474,2A-1512A,AXIAL FAN - SYNTHETIC OIL COOLER FAN,2,5,4.0,1
462,475,2A-1512B,AXIAL FAN - SYNTHETIC OIL COOLER FAN,2,5,4.0,1
463,476,2A-1512C,AXIAL FAN - SYNTHETIC OIL COOLER FAN,2,5,4.0,1
464,477,1A-1511A,AXIAL FAN - SYNTHETIC OIL COOLER FAN,2,5,3.0,1
465,478,1A-1511B,AXIAL FAN - SYNTHETIC OIL COOLER FAN,2,5,3.0,1
466,479,1A-1511C,AXIAL FAN - SYNTHETIC OIL COOLER FAN,2,5,3.0,1
467,480,1A-1512A,AXIAL FAN - SYNTHETIC OIL COOLER FAN,2,5,3.0,1
468,481,1A-1512B,AXIAL FAN - SYNTHETIC OIL COOLER FAN,2,5,3.0,1
469,482,1A-1512C,AXIAL FAN - SYNTHETIC OIL COOLER FAN,2,5,3.0,1
470,483,1A-1561A,CENTRIFUGAL FAN - VENTILATION FAN,2,5,3.0,1
471,485,1A-1561B,CENTRIFUGAL FAN - VENTILATION FAN,2,5,3.0,1
472,486,1A-1562A,CENTRIFUGAL FAN - VENTILATION FAN,2,5,3.0,1
473,487,1A-1562B,CENTRIFUGAL FAN - VENTILATION FAN,2,5,3.0,1
474,488,1E-1511A-M01,ETHYLENE COMPRESSOR INTERCOOLER,2,5,15.0,1
475,489,1E-1511A-M02,ETHYLENE COMPRESSOR INTERCOOLER,2,5,15.0,1
476,490,1E-1511B-M01,ETHYLENE COMPRESSOR INTERCOOLER,2,5,15.0,1
477,491,1E-1511B-M02,ETHYLENE COMPRESSOR INTERCOOLER,2,5,15.0,1
478,492,1E-1512A-M01,ETHYLENE COMPRESSOR DISCHARGE COOLER,2,5,15.0,1
479,493,1E-1512A-M02,ETHYLENE COMPRESSOR DISCHARGE COOLER,2,5,15.0,1
480,494,1E-1512B-M01,ETHYLENE COMPRESSOR DISCHARGE COOLER,2,5,15.0,1
481,495,1E-1512B-M02,ETHYLENE COMPRESSOR DISCHARGE COOLER,2,5,15.0,1
482,496,1E-1512C-M01,ETHYLENE COMPRESSOR DISCHARGE COOLER,2,5,15.0,1
483,497,1E-1512C-M02,ETHYLENE COMPRESSOR DISCHARGE COOLER,2,5,15.0,1
484,498,1E-1521A-M01,ETHYLENE COMPRESSOR INTERCOOLER,2,5,15.0,1
485,499,1E-1521A-M02,ETHYLENE COMPRESSOR INTERCOOLER,2,5,15.0,1
486,500,1E-1521B-M01,ETHYLENE COMPRESSOR INTERCOOLER,2,5,15.0,1
487,501,1E-1521B-M02,ETHYLENE COMPRESSOR INTERCOOLER,2,5,15.0,1
488,502,1E-1522A-M01,ETHYLENE COMPRESSOR DISCHARGE COOLER,2,5,15.0,1
489,503,1E-1522A-M02,ETHYLENE COMPRESSOR DISCHARGE COOLER,2,5,15.0,1
490,504,1E-1522B-M01,ETHYLENE COMPRESSOR DISCHARGE COOLER,2,5,15.0,1
491,505,1E-1522B-M02,ETHYLENE COMPRESSOR DISCHARGE COOLER,2,5,15.0,1
492,506,1E-1522C-M01,ETHYLENE COMPRESSOR DISCHARGE COOLER,2,5,15.0,1
493,507,1E-1522C-M02,ETHYLENE COMPRESSOR DISCHARGE COOLER,2,5,15.0,1
494,508,1P-1541A,CENTRIFUGAL PUMP - LUBE OIL PUMP,2,5,3.0,1
495,509,1P-1541B,CENTRIFUGAL PUMP - LUBE OIL PUMP,2,5,3.0,1
496,510,1P-1542A,CENTRIFUGAL PUMP - LUBE OIL PUMP,2,5,3.0,1
497,511,1P-1542B,CENTRIFUGAL PUMP - LUBE OIL PUMP,2,5,3.0,1
498,512,1P-1551,CENTRIFUGAL PUMP-  AUXILIARY PUMP,2,5,3.0,1
499,513,1P-1552,CENTRIFUGAL PUMP-  AUXILIARY PUMP,2,5,3.0,1
500,514,2A-1561A,CENTRIFUGAL FAN - VENTILATION FAN,2,5,4.0,1
501,515,2A-1561B,CENTRIFUGAL FAN - VENTILATION FAN,2,5,4.0,1
502,516,2A-1562A,CENTRIFUGAL FAN - VENTILATION FAN,2,5,4.0,1
503,517,2A-1562B,CENTRIFUGAL FAN - VENTILATION FAN,2,5,4.0,1
504,518,2E-1511A-M01,ETHYLENE COMPRESSOR INTERCOOLER,2,5,16.0,1
505,519,2E-1511A-M02,ETHYLENE COMPRESSOR INTERCOOLER,2,5,16.0,1
506,520,2E-1511B-M01,ETHYLENE COMPRESSOR INTERCOOLER,2,5,16.0,1
507,521,2E-1511B-M02,ETHYLENE COMPRESSOR INTERCOOLER,2,5,16.0,1
508,522,2E-1512A-M01,ETHYLENE COMPRESSOR DISCHARGE COOLER,2,5,16.0,1
509,523,2E-1512A-M02,ETHYLENE COMPRESSOR DISCHARGE COOLER,2,5,16.0,1
510,524,2E-1512B-M01,ETHYLENE COMPRESSOR DISCHARGE COOLER,2,5,16.0,1
511,525,2E-1512B-M02,ETHYLENE COMPRESSOR DISCHARGE COOLER,2,5,16.0,1
512,526,2E-1512C-M01,ETHYLENE COMPRESSOR DISCHARGE COOLER,2,5,16.0,1
513,527,2E-1512C-M02,ETHYLENE COMPRESSOR DISCHARGE COOLER,2,5,16.0,1
514,528,2E-1521A-M01,ETHYLENE COMPRESSOR INTERCOOLER,2,5,16.0,1
515,529,2E-1521A-M02,ETHYLENE COMPRESSOR INTERCOOLER,2,5,16.0,1
516,530,2E-1521B-M01,ETHYLENE COMPRESSOR INTERCOOLER,2,5,16.0,1
517,531,2E-1521B-M02,ETHYLENE COMPRESSOR INTERCOOLER,2,5,16.0,1
518,532,2E-1522A-M01,ETHYLENE COMPRESSOR DISCHARGE COOLER,2,5,16.0,1
519,533,2E-1522A-M02,ETHYLENE COMPRESSOR DISCHARGE COOLER,2,5,16.0,1
520,534,2E-1522B-M01,ETHYLENE COMPRESSOR DISCHARGE COOLER,2,5,16.0,1
521,535,2E-1522B-M02,ETHYLENE COMPRESSOR DISCHARGE COOLER,2,5,16.0,1
522,536,2E-1522C-M01,ETHYLENE COMPRESSOR DISCHARGE COOLER,2,5,16.0,1
523,537,2E-1522C-M02,ETHYLENE COMPRESSOR DISCHARGE COOLER,2,5,16.0,1
524,538,2P-1541A,CENTRIFUGAL PUMP - LUBE OIL PUMP,1,5,4.0,1
525,539,2P-1541B,CENTRIFUGAL PUMP - LUBE OIL PUMP,1,5,4.0,1
526,540,2P-1542A,CENTRIFUGAL PUMP - LUBE OIL PUMP,1,5,4.0,1
527,541,2P-1542B,CENTRIFUGAL PUMP - LUBE OIL PUMP,1,5,4.0,1
528,542,2P-1551,CENTRIFUGAL PUMP - LUBE OIL PUMP,1,5,4.0,1
529,543,2P-1552,CENTRIFUGAL PUMP - LUBE OIL PUMP,1,5,4.0,1
530,544,1A-1531A  ,MLO Mist Blower,2,5,,1
531,545,1A-1531B,MLO Mist Blower,2,5,3.0,1
532,546,1A-1532A,MLO Mist Blower,2,5,3.0,1
533,547,1A-1532B,MLO Mist Blower,2,5,3.0,1
534,548,2A-1531A  ,MLO Mist Blower,2,5,,1
535,549,2A-1531B,MLO Mist Blower,2,5,4.0,1
536,550,2A-1532A,MLO Mist Blower,2,5,4.0,1
537,551,2A-1532B,MLO Mist Blower,2,5,4.0,1
538,552,2A-1611A,AXIAL FAN - SYNTHETIC OIL COOLER FAN,2,6,4.0,1
539,553,2A-1611B,AXIAL FAN - SYNTHETIC OIL COOLER FAN,2,6,4.0,1
540,554,2A-1611C,AXIAL FAN - SYNTHETIC OIL COOLER FAN,2,6,4.0,1
541,555,2A-1612A,AXIAL FAN - SYNTHETIC OIL COOLER FAN,2,6,4.0,1
542,556,2A-1612B,AXIAL FAN - SYNTHETIC OIL COOLER FAN,2,6,4.0,1
543,557,2A-1612C,AXIAL FAN - SYNTHETIC OIL COOLER FAN,2,6,4.0,1
544,558,2A-1661A,CENTRIFUGAL FAN - VENTILATION FAN,2,6,4.0,1
545,559,2A-1661B,CENTRIFUGAL FAN - VENTILATION FAN,2,6,4.0,1
546,560,2A-1662A,CENTRIFUGAL FAN - VENTILATION FAN,2,6,4.0,1
547,561,2A-1662B,CENTRIFUGAL FAN - VENTILATION FAN,2,6,4.0,1
548,562,1A-1611A,AXIAL FAN - SYNTHETIC OIL COOLER FAN,2,6,3.0,1
549,563,1A-1611B,AXIAL FAN - SYNTHETIC OIL COOLER FAN,2,6,3.0,1
550,564,1A-1611C,AXIAL FAN - SYNTHETIC OIL COOLER FAN,2,6,3.0,1
551,565,1A-1612A,AXIAL FAN - SYNTHETIC OIL COOLER FAN,2,6,3.0,1
552,566,1A-1612B,AXIAL FAN - SYNTHETIC OIL COOLER FAN,2,6,3.0,1
553,567,1A-1612C,AXIAL FAN - SYNTHETIC OIL COOLER FAN,2,6,3.0,1
554,568,1A-1661A,CENTRIFUGAL FAN - VENTILATION FAN,2,6,3.0,1
555,569,1A-1661B,CENTRIFUGAL FAN - VENTILATION FAN,2,6,3.0,1
556,570,1A-1662A,CENTRIFUGAL FAN - VENTILATION FAN,2,6,3.0,1
557,571,1A-1662B,CENTRIFUGAL FAN - VENTILATION FAN,2,6,3.0,1
558,572,1E-1611-M01,L.S. METHANE DISCHARGE COOLER,2,6,15.0,1
559,573,1E-1611-M02,L.S. METHANE DISCHARGE COOLER,2,6,15.0,1
560,574,1E-1612A-M01,I.S. METHANE DISCHARGE COOLER,2,6,15.0,1
561,575,1E-1612A-M02,I.S. METHANE DISCHARGE COOLER,2,6,15.0,1
562,576,1E-1612B-M01,I.S. METHANE DISCHARGE COOLER,2,6,15.0,1
563,577,1E-1612B-M02,I.S. METHANE DISCHARGE COOLER,2,6,15.0,1
564,578,1E-1613-M01,H.S. METHANE DISCHARGE COOLER,2,6,15.0,1
565,579,1E-1613-M02,H.S. METHANE DISCHARGE COOLER,2,6,15.0,1
566,580,1E-1614A-M01,H.S. METHANE DISCHARGE COOLER,2,6,15.0,1
567,581,1E-1614A-M02,H.S. METHANE DISCHARGE COOLER,2,6,15.0,1
568,582,1E-1614B-M01,H.S. METHANE DISCHARGE COOLER,2,6,15.0,1
569,583,1E-1614B-M02,H.S. METHANE DISCHARGE COOLER,2,6,15.0,1
570,584,1E-1621-M01,L.S. METHANE DISCHARGE COOLER,2,6,15.0,1
571,585,1E-1621-M02,L.S. METHANE DISCHARGE COOLER,2,6,15.0,1
572,586,1E-1622A-M01,I.S. METHANE DISCHARGE COOLER,2,6,15.0,1
573,587,1E-1622A-M02,I.S. METHANE DISCHARGE COOLER,2,6,15.0,1
574,588,1E-1622B-M01,I.S. METHANE DISCHARGE COOLER,2,6,15.0,1
575,589,1E-1622B-M02,I.S. METHANE DISCHARGE COOLER,2,6,15.0,1
576,590,1E-1623-M01,H.S. METHANE DISCHARGE COOLER,2,6,15.0,1
577,591,1E-1623-M02,H.S. METHANE DISCHARGE COOLER,2,6,15.0,1
578,592,1E-1624A-M01,H.S. METHANE INTERCOOLER,2,6,15.0,1
579,593,1E-1624A-M02,H.S. METHANE INTERCOOLER,2,6,15.0,1
580,594,1E-1624B-M01,H.S. METHANE INTERCOOLER,2,6,15.0,1
581,595,1E-1624B-M02,H.S. METHANE INTERCOOLER,2,6,15.0,1
582,596,1P-1641A,CENTRIFUGAL PUMP - LUBE OIL PUMP,1,6,3.0,1
583,597,1P-1641B,CENTRIFUGAL PUMP - LUBE OIL PUMP,1,6,3.0,1
584,598,1P-1642A,CENTRIFUGAL PUMP - LUBE OIL PUMP,1,6,3.0,1
585,599,1P-1642B,CENTRIFUGAL PUMP - LUBE OIL PUMP,1,6,3.0,1
586,600,1P-1651,CENTRIFUGAL PUMP - LUBE OIL PUMP,1,6,3.0,1
587,601,1P-1652,CENTRIFUGAL PUMP - LUBE OIL PUMP,1,6,3.0,1
588,602,2P-1641A,CENTRIFUGAL PUMP - LUBE OIL PUMP,1,6,4.0,1
589,603,2P-1641B,CENTRIFUGAL PUMP - LUBE OIL PUMP,1,6,4.0,1
590,604,2P-1642A,CENTRIFUGAL PUMP - LUBE OIL PUMP,1,6,4.0,1
591,605,2E-1611-M01,L.S. METHANE DISCHARGE COOLER,2,6,16.0,1
592,606,2E-1611-M02,L.S. METHANE DISCHARGE COOLER,2,6,16.0,1
593,607,2E-1612A-M01,I.S. METHANE DISCHARGE COOLER,2,6,16.0,1
594,608,2E-1612A-M02,I.S. METHANE DISCHARGE COOLER,2,6,16.0,1
595,609,2E-1612B-M01,I.S. METHANE DISCHARGE COOLER,2,6,16.0,1
596,610,2E-1612B-M02,I.S. METHANE DISCHARGE COOLER,2,6,16.0,1
597,611,2E-1613-M01,H.S. METHANE DISCHARGE COOLER,2,6,16.0,1
598,612,2E-1613-M02,H.S. METHANE DISCHARGE COOLER,2,6,16.0,1
599,613,2E-1614A-M01,H.S. METHANE DISCHARGE COOLER,2,6,16.0,1
600,614,2E-1614A-M02,H.S. METHANE DISCHARGE COOLER,2,6,16.0,1
601,615,2E-1614B-M01,H.S. METHANE DISCHARGE COOLER,2,6,16.0,1
602,616,2E-1614B-M02,H.S. METHANE DISCHARGE COOLER,2,6,16.0,1
603,617,2E-1621-M01,L.S. METHANE DISCHARGE COOLER,2,6,16.0,1
604,618,2E-1621-M02,L.S. METHANE DISCHARGE COOLER,2,6,16.0,1
605,619,2E-1622A-M01,I.S. METHANE DISCHARGE COOLER,2,6,16.0,1
606,620,2E-1622A-M02,I.S. METHANE DISCHARGE COOLER,2,6,16.0,1
607,621,2E-1622B-M01,I.S. METHANE DISCHARGE COOLER,2,6,16.0,1
608,622,2E-1622B-M02,I.S. METHANE DISCHARGE COOLER,2,6,16.0,1
609,623,2E-1623-M01,H.S. METHANE DISCHARGE COOLER,2,6,16.0,1
610,624,2E-1623-M02,H.S. METHANE DISCHARGE COOLER,2,6,16.0,1
611,625,2E-1624A-M01,H.S. METHANE INTERCOOLER,2,6,16.0,1
612,626,2E-1624A-M02,H.S. METHANE INTERCOOLER,2,6,16.0,1
613,627,2E-1624B-M01,H.S. METHANE INTERCOOLER,2,6,16.0,1
614,628,2E-1624B-M02,H.S. METHANE INTERCOOLER,2,6,16.0,1
615,629,2P-1642B,CENTRIFUGAL PUMP - LUBE OIL PUMP,1,6,4.0,1
616,630,1A-1631A  ,MLO Mist Blower,2,6,,1
617,631,1A-1631B,MLO Mist Blower,2,6,3.0,1
618,632,1A-1632A,MLO Mist Blower,2,6,3.0,1
619,633,1A-1632B,MLO Mist Blower,2,6,3.0,1
620,634,2A-1631A  ,MLO Mist Blower,2,6,,1
621,635,2A-1631B,MLO Mist Blower,2,6,4.0,1
622,636,2A-1632A,MLO Mist Blower,2,6,4.0,1
623,637,2A-1632B,MLO Mist Blower,2,6,4.0,1
624,638,2P-1651,CENTRIFUGAL PUMP - LUBE OIL PUMP,1,7,4.0,1
625,639,2P-1652,CENTRIFUGAL PUMP - LUBE OIL PUMP,1,7,4.0,1
626,640,2E-1708-M01,DEBUTANIZER CONDENSATE COOLER,2,7,,1
627,641,2E-1708-M02,DEBUTANIZER CONDENSATE COOLER,2,7,,1
628,642,2E-1708-M03,DEBUTANIZER CONDENSATE COOLER,2,7,,1
629,643,1A-1707A,TURBO EXPANDER LUBE OIL COOLER FAN,2,7,3.0,1
630,644,1A-1707B,TURBO EXPANDER LUBE OIL COOLER FAN,2,7,3.0,1
631,645,1A-1707C,TURBO EXPANDER LUBE OIL COOLER FAN,2,7,3.0,1
632,646,1E-1701A-M01,DEBUTANIZER OVERHEAD COOLER,2,7,15.0,1
633,647,1E-1701A-M02,DEBUTANIZER OVERHEAD COOLER,2,7,15.0,1
634,648,1E-1701B-M01,DEBUTANIZER OVERHEAD COOLER,2,7,15.0,1
635,649,1E-1701B-M02,DEBUTANIZER OVERHEAD COOLER,2,7,15.0,1
636,650,1E-1706-M01,DEBUTANIZER CONDENSATE COOLER,2,7,15.0,1
637,651,1E-1706-M02,DEBUTANIZER CONDENSATE COOLER,2,7,15.0,1
638,652,1E-1708-M01,DEBUTANIZER CONDENSATE COOLER,2,7,,1
639,653,1E-1708-M02,DEBUTANIZER CONDENSATE COOLER,2,7,,1
640,654,1E-1708-M03,DEBUTANIZER CONDENSATE COOLER,2,7,,1
641,655,1P-1701A,HEAVIES REMOVAL COLUMN REFLUX PUMP,1,7,3.0,1
642,656,1P-1701B,HEAVIES REMOVAL COLUMN REFLUX PUMP,1,7,3.0,1
643,657,1P-1702A,DEBUTANIZER REFLUX PUMP,1,7,3.0,1
644,658,1P-1702B,DEBUTANIZER REFLUX PUMP,1,7,3.0,1
645,659,2P-1702A,DEBUTANIZER REFLUX PUMP,1,7,4.0,1
646,660,2P-1702B,DEBUTANIZER REFLUX PUMP,1,7,4.0,1
647,661,2P-1701A,HEAVIES REMOVAL COLUMN REFLUX PUMP,1,7,4.0,1
648,662,2E-1701A-M01,DEBUTANIZER OVERHEAD COOLER,2,7,16.0,1
649,663,2E-1701A-M02,DEBUTANIZER OVERHEAD COOLER,2,7,16.0,1
650,664,2E-1701B-M01,DEBUTANIZER OVERHEAD COOLER,2,7,16.0,1
651,665,2E-1701B-M02,DEBUTANIZER OVERHEAD COOLER,2,7,16.0,1
652,666,2E-1706-M01,DEBUTANIZER CONDENSATE COOLER,2,7,16.0,1
653,667,2E-1706-M02,DEBUTANIZER CONDENSATE COOLER,2,7,16.0,1
654,668,2P-1701B,HEAVIES REMOVAL COLUMN REFLUX PUMP,1,7,4.0,1
655,669,2A-1707A,TURBO EXPANDER LUBE OIL COOLER FAN,2,7,4.0,1
656,670,2A-1707B,TURBO EXPANDER LUBE OIL COOLER FAN,2,7,4.0,1
657,671,2A-1707C,TURBO EXPANDER LUBE OIL COOLER FAN,2,7,4.0,1
658,672,0P-1901A,WET GAS FLARE KO DRUM PUMPS,1,9,14.0,1
659,673,0P-1901B,WET GAS FLARE KO DRUM PUMPS,1,9,14.0,1
660,674,0P-1906A,RECOVERED HYDROCARBON PUMPS,1,9,14.0,1
661,675,0P-1906B,RECOVERED HYDROCARBON PUMPS,1,9,14.0,1
662,676,1A-1905,ACID GAS THERMAL OXIDIZER COMBUSTION AIR BLOWER,2,9,1.0,1
663,677,1P-1902,ACID GAS THERMAL OXIDIZER KO DRUM PUMP,1,9,14.0,1
664,678,2A-1905,ACID GAS THERMAL OXIDIZER COMBUSTION AIR BLOWER,2,9,2.0,1
665,679,2P-1902,ACID GAS THERMAL OXIDIZER KO DRUM PUMP,1,9,14.0,1
666,680,0P-2311A,CONDENSATE EXPORT PUMP,1,10,8.0,1
667,681,0P-2311B,CONDENSATE EXPORT PUMP,1,10,8.0,1
668,682,0P-2311C,CONDENSATE EXPORT PUMP,1,10,8.0,1
669,683,0P-2311D,CONDENSATE EXPORT PUMP,1,10,8.0,1
670,684,0P-2316,CONDENSATE WET SURFACE AIR COOLER SPRAY PUMP,1,10,8.0,1
671,685,0P-2319,CONDENSATE CUSTODY METERING SYSTEM PUMP,1,10,8.0,1
672,686,0E-2401A-M01,BOIL OFF GAS LUBE OIL AIR COOLER FANS,2,11,12.0,1
673,687,0E-2401A-M02,BOIL OFF GAS LUBE OIL AIR COOLER FANS,2,11,12.0,1
674,688,0E-2401B-M01,BOIL OFF GAS LUBE OIL AIR COOLER FANS,2,11,12.0,1
675,689,0E-2401B-M02,BOIL OFF GAS LUBE OIL AIR COOLER FANS,2,11,12.0,1
676,690,0E-2401C-M01,BOIL OFF GAS LUBE OIL AIR COOLER FANS,2,11,12.0,1
677,691,0E-2401C-M02,BOIL OFF GAS LUBE OIL AIR COOLER FANS,2,11,12.0,1
678,692,0P-2909A,TREATED EFFLUENT PUMP,1,12,11.0,1
679,693,0P-2909B,TREATED EFFLUENT PUMP,1,12,11.0,1
680,694,0A-3111A,GTG-MLO cooler fan,2,13,6.0,1
681,695,0A-3111B,GTG-MLO cooler fan,2,13,6.0,1
682,696,0A-3111C,GTG-MLO cooler fan,2,13,6.0,1
683,697,0A-3112A,GTG-MLO cooler fan,2,13,6.0,1
684,698,0A-3112B,GTG-MLO cooler fan,2,13,6.0,1
685,699,0A-3112C,GTG-MLO cooler fan,2,13,6.0,1
686,700,0A-3113A,GTG-MLO cooler fan,2,13,6.0,1
687,701,0A-3113B,GTG-MLO cooler fan,2,13,6.0,1
688,702,0A-3113C,GTG-MLO cooler fan,2,13,6.0,1
689,703,0A-3114A,GTG-MLO cooler fan,2,13,6.0,1
690,704,0A-3114B,GTG-MLO cooler fan,2,13,6.0,1
691,705,0A-3114C,GTG-MLO cooler fan,2,13,6.0,1
692,706,0A-3161A,Turbine- Ventilation Air fan,2,13,6.0,1
693,707,0A-3161B,Turbine- Ventilation Air fan,2,13,6.0,1
694,708,0A-3162A,Turbine- Ventilation Air fan,2,13,6.0,1
695,709,0A-3162B,Turbine- Ventilation Air fan,2,13,6.0,1
696,710,0A-3163A,Turbine- Ventilation Air fan,2,13,6.0,1
697,711,0A-3163B,Turbine- Ventilation Air fan,2,13,6.0,1
698,712,0A-3164A,Turbine- Ventilation Air fan,2,13,6.0,1
699,713,0A-3164B,CENTRIFUGAL FAN - VENTILATION FAN,2,13,6.0,1
700,714,0G-3170,OP CENTRE BLDG DIESEL GENERATOR,8,13,13.0,1
701,715,0G-3171,ESSENTIAL SERVICE DIESEL GENERATOR,8,13,13.0,1
702,716,0G-3172,ESSENTIAL SERVICE DIESEL GENERATOR,8,13,13.0,1
703,717,0G-3173,ESSENTIAL SERVICE DIESEL GENERATOR,8,13,13.0,1
704,718,0G-3174,ESSENTIAL SERVICE DIESEL GENERATOR,8,13,13.0,1
705,719,0G-3175,ESSENTIAL SERVICE DIESEL GENERATOR,8,13,13.0,1
706,720,0P-3141A,GTG-Mineral Lube Oil Pump,1,13,6.0,1
707,721,0P-3141B,GTG-Mineral Lube Oil Pump,1,13,6.0,1
708,722,0P-3142A,GTG-Mineral Lube Oil Pump,1,13,6.0,1
709,723,0P-3142B,GTG-Mineral Lube Oil Pump,1,13,6.0,1
710,724,0P-3143A,GTG-Mineral Lube Oil Pump,1,13,6.0,1
711,725,0P-3143B,GTG-Mineral Lube Oil Pump,1,13,6.0,1
712,726,0P-3144A,GTG-Mineral Lube Oil Pump,1,13,6.0,1
713,727,0P-3144B,GTG-Mineral Lube Oil Pump,1,13,6.0,1
714,728,0P-3301A,Fire Water Jockey Pump,1,14,10.0,1
715,729,0P-3301B,Fire Water Jockey Pump,1,14,10.0,1
716,730,0P-3302,Electric Fire Water pump,1,14,10.0,1
717,731,0P-3303A,Diesel Fire Water pump,1,14,10.0,1
718,732,0P-3303B,Diesel Fire Water pump,1,14,10.0,1
719,733,0A-3401A,LUBE OIL AIR COOLER FAN,2,15,7.0,1
720,734,0A-3401B,LUBE OIL AIR COOLER FAN,2,15,7.0,1
721,735,0A-3401C,LUBE OIL AIR COOLER FAN,2,15,7.0,1
722,736,0E-3401A-M01,HOT OIL TRIM COOLER,2,15,7.0,1
723,737,0E-3401A-M02,HOT OIL TRIM COOLER,2,15,7.0,1
724,738,0E-3401B-M01,HOT OIL TRIM COOLER,2,15,7.0,1
725,739,0E-3401B-M02,HOT OIL TRIM COOLER,2,15,7.0,1
726,740,0P-3401A,HOT OIL CIRCULATION PUMP,1,15,7.0,1
727,741,0P-3401B,HOT OIL CIRCULATION PUMP,1,15,7.0,1
728,742,0P-3401C,HOT OIL CIRCULATION PUMP,1,15,7.0,1
729,743,0P-3402A,HOT OIL MAKEUP PUMP,1,15,7.0,1
730,744,0P-3402B,HOT OIL MAKEUP PUMP,1,15,7.0,1
731,745,0P-3403,HOT OIL DRAIN PUMP,1,15,7.0,1
732,746,0P-3406A,HOT OIL CIRCULATION PUMP-Main Lube Oil Pump,1,15,,1
733,747,0P-3406B,HOT OIL CIRCULATION PUMP-Main Lube Oil Pump,1,15,,1
734,748,0P-3406C,HOT OIL CIRCULATION PUMP-Main Lube Oil Pump,1,15,,1
735,749,0A-3501A,COMBINED AIR-COOLER FAN,2,16,9.0,1
736,750,0A-3501B,COMBINED AIR-COOLER FAN,2,16,9.0,1
737,751,0A-3501C,COMBINED AIR-COOLER FAN,2,16,9.0,1
738,752,0A-3502A,COMBINED AIR-COOLER FAN,2,16,9.0,1
739,753,0A-3502B,COMBINED AIR-COOLER FAN,2,16,9.0,1
740,754,0A-3502C,COMBINED AIR-COOLER FAN,2,16,9.0,1
741,755,0A-3503A,COMBINED AIR-COOLER FAN,2,16,9.0,1
742,756,0A-3503B,COMBINED AIR-COOLER FAN,2,16,9.0,1
743,757,0A-3503C,COMBINED AIR-COOLER FAN,2,16,9.0,1
744,758,0C-3521,BLACK START AIR COMPRESSOR,3,16,9.0,1
745,759,0E-3503A-M01,AIR DRYER PACKAGE AIR COOLED INTER-COOLER,2,16,9.0,1
746,760,0E-3503A-M02,AIR DRYER PACKAGE AIR COOLED INTER-COOLER,2,16,9.0,1
747,761,0E-3503A-M03,AIR DRYER PACKAGE AIR COOLED INTER-COOLER,2,16,9.0,1
748,762,0E-3503B-M01,AIR DRYER PACKAGE AIR COOLED INTER-COOLER,2,16,9.0,1
749,763,0E-3503B-M02,AIR DRYER PACKAGE AIR COOLED INTER-COOLER,2,16,9.0,1
750,764,0E-3503B-M03,AIR DRYER PACKAGE AIR COOLED INTER-COOLER,2,16,9.0,1
751,765,0P-3503A,COOLING WATER PRIMARY PUMP,1,16,9.0,1
752,766,0P-3503B,COOLING WATER PRIMARY PUMP,1,16,9.0,1
753,767,0P-3503C,COOLING WATER PRIMARY PUMP,1,16,9.0,1
754,768,0P-3504A,COOLING WATER AUXILIARY PUMP,1,16,9.0,1
755,769,0P-3504B,COOLING WATER AUXILIARY PUMP,1,16,9.0,1
756,770,0P-3504C,COOLING WATER AUXILIARY PUMP,1,16,9.0,1
757,771,0P-3601A,VERTICAL SEAWATER JETTY PUMP,1,17,12.0,1
758,772,0P-3601B,VERTICAL SEAWATER JETTY PUMP,1,17,12.0,1
759,773,0P-3601C,VERTICAL SEAWATER JETTY PUMP,1,17,12.0,1
760,774,0P-3604A,UTILITY WATER PUMP,1,17,11.0,1
761,775,0P-3604B,UTILITY WATER PUMP,1,17,11.0,1
762,776,0P-3605A,SITE POTABLE WATER SUPPLY PUMPS,1,17,11.0,1
763,777,0P-3605B,SITE POTABLE WATER SUPPLY PUMPS,1,17,11.0,1
764,778,0P-3610A,BACKWASH PUMP ,1,17,11.0,1
765,779,0P-3610B,BACKWASH PUMP ,1,17,11.0,1
766,780,0P-3625A,FILTER FEED PUMP ,1,17,11.0,1
767,781,0P-3625B,FILTER FEED PUMP ,1,17,11.0,1
768,782,0P-3625C,FILTER FEED PUMP ,1,17,11.0,1
769,783,0P-3628A,SEAWATER ULTRAFILTRATION FEED PUMP,1,17,11.0,1
770,784,0P-3628B,SEAWATER ULTRAFILTRATION FEED PUMP,1,17,11.0,1
771,785,0P-3629A,SEAWATER ULTRAFILTRATION BACKWASH PUMP,1,17,11.0,1
772,786,0P-3629B,SEAWATER ULTRAFILTRATION BACKWASH PUMP,1,17,11.0,1
773,787,0P-3630A,SWRO HP FEED PUMP (VSD) ,1,17,11.0,1
774,788,0P-3630B,SWRO HP FEED PUMP (VSD) ,1,17,11.0,1
775,789,0P-3631A,SWRO LP FEED PUMP (VSD) ,1,17,11.0,1
776,790,0P-3631B,SWRO LP FEED PUMP (VSD) ,1,17,11.0,1
777,791,2P-3701A,TURBINE INLET AIR HUMIDIFIER CIRCULATION PUMP,1,8,4.0,1
778,792,2P-3701B,TURBINE INLET AIR HUMIDIFIER CIRCULATION PUMP,1,8,4.0,1
779,793,1P-3701A,TURBINE INLET AIR HUMIDIFIER CIRCULATION PUMP,1,8,3.0,1
780,794,1P-3701B,TURBINE INLET AIR HUMIDIFIER CIRCULATION PUMP,1,8,3.0,1
781,795,1E-6201A-M01,DomGas Lean Solvent Cooler,2,18,21.0,1
782,796,1E-6201A-M02,DomGas Lean Solvent Cooler,2,18,21.0,1
783,797,1E-6201B-M01,DomGas Lean Solvent Cooler,2,18,21.0,1
784,798,1E-6201B-M02,DomGas Lean Solvent Cooler,2,18,21.0,1
785,799,1E-6201C-M01,DomGas Lean Solvent Cooler,2,18,21.0,1
786,800,1E-6201C-M02,DomGas Lean Solvent Cooler,2,18,21.0,1
787,801,1E-6201D-M01,DomGas Lean Solvent Cooler,2,18,21.0,1
788,802,1E-6201D-M02,DomGas Lean Solvent Cooler,2,18,21.0,1
789,803,1E-6201E-M01,DomGas Lean Solvent Cooler,2,18,21.0,1
790,804,1E-6201E-M02,DomGas Lean Solvent Cooler,2,18,21.0,1
791,805,1E-6202A-M01,DomGas Regen Ovhd. Condenser Fans,2,18,21.0,1
792,806,1E-6202A-M02,DomGas Regen Ovhd. Condenser Fans,2,18,21.0,1
793,807,1E-6202B-M01,DomGas Regen Ovhd. Condenser Fans,2,18,21.0,1
794,808,1E-6202B-M02,DomGas Regen Ovhd. Condenser Fans,2,18,21.0,1
795,809,1E-6202C-M01,DomGas Regen Ovhd. Condenser Fans,2,18,21.0,1
796,810,1E-6202C-M02,DomGas Regen Ovhd. Condenser Fans,2,18,21.0,1
797,811,1E-6205A,Lean Solvent Charge pump's MLO Cooling Fan,2,18,5.0,1
798,812,1E-6205B,Lean Solvent Charge pump's MLO Cooling Fan,2,18,5.0,1
799,813,1P-6201A,DomGas Lean Solvent Booster Pumps,1,18,5.0,1
800,814,1P-6201B,DomGas Lean Solvent Booster Pumps,1,18,5.0,1
801,815,1P-6202A,DomGas Lean Solvent Charge Pumps,1,18,5.0,1
802,816,1P-6202B,DomGas Lean Solvent Charge Pumps,1,18,5.0,1
803,817,1P-6203A,DomGas Regen Reflux Pump,1,18,5.0,1
804,818,1P-6203B,DomGas Regen Reflux Pump,1,18,5.0,1
805,819,1P-6204A,DomGas Wash Water Pumps,1,18,5.0,1
806,820,1P-6204B,DomGas Wash Water Pumps,1,18,5.0,1
807,821,1P-6207A,DomGas Wash Water Recirc. Pumps,1,18,5.0,1
808,822,1P-6207B,DomGas Wash Water Recirc. Pumps,1,18,5.0,1
809,823,1P-6351A,DomGas Regen Compressor Lube Oil Pump,1,18,5.0,1
810,824,1P-6351B,DomGas Regen Compressor Lube Oil Pump,1,18,5.0,1
811,825,1E-6351A-M01,DomGas Regen Gas Cooler Fans,2,19,21.0,1
812,826,1E-6351A-M02,DomGas Regen Gas Cooler Fans,2,19,21.0,1
813,827,1E-6351B-M01,DomGas Regen Gas Cooler Fans,2,19,21.0,1
814,828,1E-6351B-M02,DomGas Regen Gas Cooler Fans,2,19,21.0,1
815,829,1A-6501,DomGas Acid Gas Thermal Oxidier Combustion Air Blower,2,20,5.0,1
816,830,1P-6502,Domgas Thermal Oxidiser K.O Drum Waste Water Pump,1,20,5.0,1
817,831,1A-6614A,DomGas Export Comp. MLO Cooling Fans,2,21,,1
818,832,1A-6614B,DomGas Export Comp. MLO Cooling Fans,2,21,,1
819,833,1A-6614C,DomGas Export Comp. MLO Cooling Fans,2,21,,1
820,834,1A-6624A,DomGas Export Comp. MLO Cooling Fans,2,21,,1
821,835,1A-6624B,DomGas Export Comp. MLO Cooling Fans,2,21,,1
822,836,1A-6624C,DomGas Export Comp. MLO Cooling Fans,2,21,,1
823,837,1E-6611A-M01,DomGas Export Comp. L.S. Discharge Cooler Fan,2,21,21.0,1
824,838,1E-6611A-M02,DomGas Export Comp. L.S. Discharge Cooler Fan,2,21,21.0,1
825,839,1E-6611B-M01,DomGas Export Comp. L.S. Discharge Cooler Fan,2,21,21.0,1
826,840,1E-6611B-M02,DomGas Export Comp. L.S. Discharge Cooler Fan,2,21,21.0,1
827,841,1E-6612A-M01,DomGas Export Comp. Interstage Discharge Cooler Fan,2,21,21.0,1
828,842,1E-6612A-M02,DomGas Export Comp. Interstage Discharge Cooler Fan,2,21,21.0,1
829,843,1E-6612B-M01,DomGas Export Comp. Interstage Discharge Cooler Fan,2,21,21.0,1
830,844,1E-6612B-M02,DomGas Export Comp. Interstage Discharge Cooler Fan,2,21,21.0,1
831,845,1E-6613A-M01,DomGas Export Comp. H.S. Discharge Cooler Fan,2,21,21.0,1
832,846,1E-6613A-M02,DomGas Export Comp. H.S. Discharge Cooler Fan,2,21,21.0,1
833,847,1E-6613B-M01,DomGas Export Comp. H.S. Discharge Cooler Fan,2,21,21.0,1
834,848,1E-6613B-M02,DomGas Export Comp. H.S. Discharge Cooler Fan,2,21,21.0,1
835,849,1E-6613C-M01,DomGas Export Comp. H.S. Discharge Cooler Fan,2,21,21.0,1
836,850,1E-6613C-M02,DomGas Export Comp. H.S. Discharge Cooler Fan,2,21,21.0,1
837,851,1E-6613D-M01,DomGas Export Comp. H.S. Discharge Cooler Fan,2,21,21.0,1
838,852,1E-6613D-M02,DomGas Export Comp. H.S. Discharge Cooler Fan,2,21,21.0,1
839,853,1E-6621A-M01,DomGas Export Comp. L.S. Discharge Cooler Fan,2,21,21.0,1
840,854,1E-6621A-M02,DomGas Export Comp. L.S. Discharge Cooler Fan,2,21,21.0,1
841,855,1E-6621B-M01,DomGas Export Comp. L.S. Discharge Cooler Fan,2,21,21.0,1
842,856,1E-6621B-M02,DomGas Export Comp. L.S. Discharge Cooler Fan,2,21,21.0,1
843,857,1E-6622A-M01,DomGas Export Comp. Interstage Discharge Cooler Fan,2,21,21.0,1
844,858,1E-6622A-M02,DomGas Export Comp. Interstage Discharge Cooler Fan,2,21,21.0,1
845,859,1E-6622B-M01,DomGas Export Comp. Interstage Discharge Cooler Fan,2,21,21.0,1
846,860,1E-6622B-M02,DomGas Export Comp. Interstage Discharge Cooler Fan,2,21,21.0,1
847,861,1E-6623A-M01,DomGas Export Comp. H.S. Discharge Cooler Fan,2,21,21.0,1
848,862,1E-6623A-M02,DomGas Export Comp. H.S. Discharge Cooler Fan,2,21,21.0,1
849,863,1E-6623B-M01,DomGas Export Comp. H.S. Discharge Cooler Fan,2,21,21.0,1
850,864,1E-6623B-M02,DomGas Export Comp. H.S. Discharge Cooler Fan,2,21,21.0,1
851,865,1E-6623C-M01,DomGas Export Comp. H.S. Discharge Cooler Fan,2,21,21.0,1
852,866,1E-6623C-M02,DomGas Export Comp. H.S. Discharge Cooler Fan,2,21,21.0,1
853,867,1E-6623D-M01,DomGas Export Comp. H.S. Discharge Cooler Fan,2,21,21.0,1
854,868,1E-6623D-M02,DomGas Export Comp. H.S. Discharge Cooler Fan,2,21,21.0,1
855,869,1P-6611A,DomGas Export Comp. Lube Oil Pump,1,21,5.0,1
856,870,1P-6611B,DomGas Export Comp. Lube Oil Pump,1,21,5.0,1
857,871,1P-6621A,DomGas Export Comp. Lube Oil Pump,1,21,5.0,1
858,872,1P-6621B,DomGas Export Comp. Lube Oil Pump,1,21,5.0,1
